Resolucion,Fase
"Resolución de la consejera de Presidencia, Función Pública e Igualdad por la cual se nombran asesores especialistas para colaborar con el Tribunal Calificador de las pruebas selectivas del proceso unificado para cubrir las plazas de la categoría de policía de los municipios de Alcúdia, Algaida, Andratx, Binissalem, Bunyola, Calvià, Campanet, Campos, Ciutadella, Consell, Deià, es Mercadal, Estellencs, Formentera, Inca, Llucmajor, Manacor, Mancor de la Vall, Muro, Palma, Pollença, Sant Antoni de Portamany, Sant Josep de sa Talaia, Sant Llorenç des Cardassar, Santanyí y Son Servera ",5
"Resolución de la directora general de Personal Docente de 22 de febrero de 2023 por la cual se rectifica el error advertido en la Resolución de la directora general de Personal Docente de 1 de febrero de 2023 por la que se convocan las pruebas selectivas de ingreso, acceso y adquisición de nuevas especialidades a los cuerpos docentes de profesores de enseñanza secundaria, de profesores de escuelas oficiales de idiomas, de profesores de música y artes escénicas y de maestros en las Illes Balears, publicada en el Boletín Oficial de las Illes Balears de 7 de febrero de 2023 ",6
"Convocatoria de una bolsa de trabajo de técnico/a superior, de carácter laboral, por el sistema de concurso, del Instituto Municipal de Educación y Bibliotecas de Calvià (IMEB-Calvià) ",2
Publicación lista definitiva bolsa operario polivalente ,4
"Resolución de la consejera de Presidencia, Función Pública e Igualdad por la que se excluye a una aspitante del concurso por constituir bolsa extraordinaria para cubrir, con carácter de interinidad, plazas vacantes del cuerpo facultativo técnico, escala de archivos, museos, bibliotecas y documentación, de la Administración especial de la Comunidad Autónoma de las Illes Balears, para las islas de Mallorca y Menorca ",0
"Resolución de la consejera de Presidencia, Función Pública e Igualdad de corrección de errores de la Resolución por la que se aprobó la convocatoria, las bases, los ejercicios y temario, y el baremo de méritos de las pruebas selectivas para el ingreso , por el turno libre y por el turno de promoción interna vertical y por el turno de promoción interna cruzada, incluida la reserva para personas con discapacidad, para cubrir plazas de personal funcionario en la Administración de la Comunidad Autónoma de las Illes Balears (BOIB núm. 165, de 20 de diciembre) ",6
Designación Tribunal Calificador Proceso selectivo 5 plazas funcionarios de carrera Policía Local Ayuntamiento de sa Pobla ,5
Aprobación de la integración de la bolsa de trabajo de la categoría de administrativo/a ,4
"Convocatoria y bases para constituir una bolsa de trabajo complementaria a la del exp. nº 609/2022, para proveer, con personal funcionario interino, por necesidades urgentes existentes en la policía local del Ayuntamiento de Alaró ",2
"Resolución de la consejera de Presidencia, Función Pública e Igualdad de corrección de errores de la convocatoria del proceso selectivo para el acceso a diversas categorías del personal laboral al servicio de la Administración de la Comunidad Autónoma de las Illes Balears (BOIB núm. 165, de 20 de diciembre) ",6
"Resolución del presidente del Consejo de Administración de Servicios Ferroviarios de Mallorca sobre el nombramiento de los miembros de los tribunales del proceso excepcional de estabilización por concurso extraordinario de méritos, para la cobertura de las plazas de personal laboral de Servicios Ferroviarios de Mallorca, de acuerdo con la oferta pública de estabilización aprobada por el Consejo de Administración de 20 de mayo de 2022 y prevista en la Ley 20/2021, de 28 de diciembre, de medidas urgentes para la reducción de la temporalidad en el empleo público ",5
"Corrección de errores de las bases de la convocatoria por la que se convoca un proceso selectivo para la contratación de tres gestores científicos para el programa «Gestió» del proyecto «Consciència IdISBa: consolidar la ciència IdISBa», convocatoria financiada por el plan anual 2022 del Impuesto de Turismo Sostenible (ITS2023-057) ",6
"Resolución de la consejera de Presidencia, Función Pública e Igualdad, a propuesta de la directora gerente de la Escuela Balear de Administración Pública por la cual se aprueba la relación de personas aspirantes que han superado del proceso unificado para cubrir las plazas de la categoría de policía de los municipios de Alcúdia, Algaida, Andratx, Binissalem, Bunyola, Calvià, Campanet, Campos, Ciutadella, Consell, Deià, es Mercadal, Estellencs, Formentera, Inca, Llucmajor, Manacor, Mancor de la Vall, Muro, Palma, Pollença, Sant Antoni de Portamany, Sant Josep de sa Talaia, Sant Llorenç des Cardassar, Santanyí y Son Servera ",4
"Constitución de la bolsa de trabajo de técnico/a de educación infantil, personal laboral del Ayuntamiento de sa Pobla ",2
"Resolución del director gerente del Hospital Universitari Son Espases por la que se convoca, por el procedimiento de libre designación, el puesto de Supervisor/a de Unidad de Urgencias Pediatría (URGP) ",2
Rectificación de error material de las bases específicas del proceso selectivo de estabilización por el sistema excepcional de concurso de méritos para cubrir 2 plazas de Celador/a de obras de personal funcionario correspondiente a la tasa adicional de estabilización de la ocupación temporal por en el año 2021 ,6
"Resolución del consejero ejecutivo de Hacienda y Función Pública por la que se designan a los Tribunales Calificadores del proceso selectivo de estabilización por el sistema excepcional de concurso de méritos para cubrir las plazas de personal funcionario de las escalas, subescalas, clases y categorías (o especialidades ) de administración general y especial de los subgrupos A1, A2 y grupo B derivada de la oferta de empleo público extraordinario del Consejo de Mallorca y de la Agencia de Defensa del Territorio para el año 2022 y acumuladas de 2017 y de 2019 ",5
"Resolución del consejero ejecutivo de Hacienda y Función Pública por la que se designan los Tribunales Calificadores del proceso selectivo de estabilización por el sistema de concurso-oposición para cubrir las plazas de personal funcionario de las escalas, subescalas, clases y categorías (o especialidades) de administración general y especial de los subgrupos A1, A2 y grupo B derivada de la oferta de empleo público extraordinario del Consejo de Mallorca y de la Agencia de Defensa del Territorio para el año 2022 y acumuladas de 2017 y de 2019 ",5
"Resolución de alcaldía núm. 425, de fecha 21 de febrero de 2023, del ayuntamiento de Santa Margalida, por la cual se aprueban las bases, la convocatoria y la aplicación de la tramitación de urgencia del proceso selectivo para cubrir cinco plazas de policía local del ayuntamiento de Santa Margalida, por el sistema de acceso de turno libre, sistema de oposición, correspondiente a la oferta pública de empleo del año 2022 ",2
"Resolución n.º 2022-12784 de fecha 30/12/2022, por la cual se aprueban las bases y la convocatoria del proceso selectivo para proveer, como personal funcionario de carrera, una plaza de Técnico de Administración General del Ayuntamiento de Eivissa ",2
"Resolución de la directora general de Personal Docente de 20 de febrero de 2023, por la que se convoca a los aspirantes de las pruebas selectivas de acceso al cuerpo de inspectores de educación convocadas por Resolución de 5 de diciembre de 2022, al acto de presentación y a la realización de la primera parte de la prueba ",0
"Modificación bases de la convocatoria para la provisión, con carácter de personal funcionario de carrera, de tres plazas de oficial o oficiala de policía local, por concurso oposición y promoción interna ",7
"Resolución de Alcaldía núm. 392, de fecha 20 de febrero de 2023, del Ayuntamiento de Santa Margalida por la que, concluido el procedimiento selectivo para cubrir en propiedad una plaza de Arquitecto, por promoción interna mediante concurso-oposición, en el Ayuntamiento de Santa Margalida, se nombra a MRMG ",4
"Rectificación de las bases específicas de las convocatorias de diversos procesos selectivos para la selección y provisión definitiva de diversas plazas de personal funcionario y laboral del Consell Insular d’Eivissa, por el sistema de concurso oposición ",6
Rectificación de error material de las bases específicas del proceso selectivo de estabilización por el sistema excepcional de concurso de méritos de personal laboral correspondiente a la tasa adicional de estabilización de la ocupación temporal para el año 2021 para cubrir 1 plaza de Ayudante de obras ,6
"Resolución n.º 2022-12789 de fecha 2022-12789, por la cual se aprueban las bases y la convocatoria del proceso selectivo para proveer, como personal laboral fijo, una plaza de operario de mercado del Ayuntamiento de Eivissa ",2
"Resolución de la consejera de Presidencia, Función Pública e Igualdad, a propuesta de la directora gerente de la Escuela Balear de Administración Pública por la que se aprueba la lista de personas aspirantes seleccionadas en el concurso para formar parte de una bolsa extraordinaria para cubrir, con carácter de interinidad, plazas vacantes del cuerpo facultativo técnico, escala científico-técnica, especialidad piloto de segunda de marina mercante, de la Administración especial de la Comunidad Autónoma de las Illes Balears, para la isla de Mallorca ",3
Patronato Municipal de Escuelas Infantiles de Palma. Aprobación de las listas provisionales de aspirantes admitidos y excluidos del concurso de méritos de varias plazas de personal laboral correspondiente a la tasa adicional de estabilización de la ocupación temporal para el año 2021 ,3
"Resolución n.º 2022-12790 de fecha 30/12/2022, por la cual se aprueban las bases y la convocatoria del proceso selectivo para proveer, como personal laboral fijo, 1 plaza de encargado de mercados del Ayuntamiento de Eivissa ",2
"Modificación bases proceso selectivo nueve plazas operario/a limpieza, incluidas en proceso estabilización ",7
Convocatoria y bases reguladoras del concurso para la cobertura con carácter interino de la plaza de secretario/a interventor/a del Ayuntamiento de Es Migjorn Gran ,2
"Corrección de errores advertidos en la Resolución del director gerente del Hospital Universitario Son Llàtzer de 2 de febrero de 2022 por la que se convoca la provisión, por el procedimiento de libre disposición, de dos puestos de Jefe/a de sección del servicio de anestesia y reanimación ",6
"Aprobación y bases reguladoras del procedimiento para la formación de un bolsín de Terapeutas Ocupacionales, personal laboral temporal, del Ayuntamiento de Lloseta ",2
"Modificación bases proceso selectivo plaza ordenanza instalaciones escolares, incluida en proceso estabilización ",7
"Modificación bases proceso selectivo plaza ingeniero/a técnico/a, incluida en el proceso de estabilización ",7
"Modificación bases proceso selectivo plaza recepcionista instalaciones deportivas, incluida en proceso estabilización ",7
"Modificación bases reguladoras proceso selectivo plaza administrativo/a de gestión, incluida en el proceso de estabilización ",7
"Modificacion bases proceso selectivo dos plazas operario/a servicios múltiples, incluidas en proceso estabilización ",7
"Aprobación de la lista definitiva de aspirantes admitidos y excluidos de la convocatoria excepcional para cubrir una plaza de Técnico/a Administración General por el sistema de concurso, en el marco del proceso de estabilización de empleo temporal llevado a cabo en el Ayuntamiento de Sant Joan (Exp. 802/2022) ",3
"Aprobación de la lista definitiva de aspirantes admitidos y excluidos de la convocatoria excepcional para cubrir tres plazas de Auxiliar administrativo/va por el sistema de concurso, en el marco del proceso de estabilización de empleo temporal llevado a cabo en el Ayuntamiento de Sant Joan (exp. 800/2022) ",3
"Aprobación de la lista definitiva de aspirantes admitidos y excluidos de la convocatoria excepcional para cubrir una plaza de Operario/a de mantenimiento, por el sistema de concurso, en el marco del proceso de estabilización de empleo temporal llevado a cabo en el Ayuntamiento de Sant Joan (exp. 804/2022) ",3
"Modificación bases proceso selectivo plaza técnico/a superior gestión administrativa, incluida en proceso estabilización ",7
Aprobación de la lista definitiva de aspirantes admitidos y excluidos de la convocatoria excepcional para cubrir una plaza de Operario/a de mantenimiento por el sistema de concurso -oposición en el marco del proceso de estabilización de empleo temporal llevado a cabo en el Ayuntamiento de Sant Joan (exp. 801/2022) ,3
"Aprobación de la lista definitiva de aspirantes admitidos y excluidos, y señalización de fecha para el ejercicio de la fase de oposición, de la convocatoria excepcional para cubrir una plaza de Auxiliar administrativo/va por el sistema de concurso-oposición en el marco del proceso de estabilización de empleo temporal llevado a cabo en el Ayuntamiento de Sant Joan (exp. 798/2022) ",3
"Aprobación lista definitiva de admitidos y excluidos del procedimiento selectivo, por turno libre, para la selección de tres plazas de subalterno/a Colegios y edificios municipales ",3
"Resolución de la consejera de Presidencia, Función Pública e Igualdad, a propuesta de la Dirección Gerencia de la Escuela Balear de Administración Pública, por la que se convoca una bolsa extraordinaria para cubrir, con carácter de interinidad, plazas vacantes del cuerpo auxiliar administrativo de la Administración general de la Comunidad Autónoma de las Illes Balears, en la isla de Eivissa ",2
"Modificación bases proceso selectivo de una plaza de delineante, incluida en proceso estabilización ",7
"Modificación bases proceso selectivo plaza jefe unidad deportes, incluida en proceso de estabilización ",7
"Modificación bases específicas reguladoras proceso selectivo de una plaza de técnico/a superior de gestión administrativa, incluida en el proceso de estabilización ",7
"Modificación bases específicas reguladoras proceso selectivo de una plaza de arquitecto/a, incluida en proceso estabilización ",7
"Modificación bases proceso selectivo plaza oficial conductor/a, incluida en proceso estabilización ",7
"Modificación bases generales reguladoras de los procesos selectivos personal, correspondientes oferta pública de estabilización de la ocupación temporal ",7
"Modificacion bases proceso selectivo plaza monitor/a actividades deportivas, incluido en proceso estabilización ",7
"Modificación bases proceso selectivo dos plazas auxiliar administrativo/a, incluidas en proceso estabilización ",7
"Modificacion bases proceso selectivo dos plazas auxiliar atención ciudadana, incluidas en el proceso de estabilización ",7
"Modificación bases reguladoras proceso selectivo plaza ordenanza, incluida en proceso estabilización ",7
"Aprobación de la lista definitiva de aspirantes admitidos y excluidos de la convocatoria excepcional para cubrir cuatro plazas de Personal de limpieza, por el sistema de concurso, en el marco del proceso de estabilización de empleo temporal llevado a cabo en el Ayuntamiento de Sant Joan (exp. 803/2022) ",3
"Modificación bases proceso selectivo dos plazas auxiliar gestión administrativa, incluidas en el proceso de estabilización ",7
"Modificación bases proceso selectivo plaza de administrativo/a de gestión, incluida en el proceso de estabilización ",7
"Resolución del director general del Servicio de Salud de las Islas Baleares por la que se aprueba la convocatoria para cubrir, por el sistema de promoción interna temporal, dos plazas vacantes de la categoría grupo administrativo de la función administrativa de la plantilla orgánica autorizada de los Servicios Centrales de Servicio de Salud (posiciones núm. 25055128 y 25055129) ",2
"Publicación del listado provisional de personas admitidas y excluidas de la Oferta Pública para la estabilización de la ocupación temporal correspondiente a la plaza de administrativo/iva contable, de Administración Especial, funcionario de carrera del Ayuntamiento de Deià, por el sistema extraordinario de concurso de méritos ",3
"Resolución del director general del Servicio de Salud de las Islas Baleares por la que se aprueba la convocatoria para cubrir, por el sistema de promoción interna temporal, una plaza vacante de la categoría grupo administrativo de la función administrativa de la plantilla orgánica autorizada de los Servicios Centrales de Servicio de Salud (posición núm. 25021061). ",2
"Resolución del director general del Servicio de Salud de las Islas Baleares por la que se aprueba la convocatoria para cubrir, por el sistema de promoción interna temporal, una plaza vacante de la categoría grupo administrativo de la función administrativa de la plantilla orgánica autorizada de los Servicios Centrales de Servicio de Salud (posición núm. 25055131) ",2
"Resolución del director general del Servicio de Salud de las Islas Baleares por la que se aprueba la convocatoria para cubrir, por el sistema de promoción interna temporal, una plaza vacante de la categoría grupo administrativo de la función administrativa de la plantilla orgánica autorizada de los Servicios Centrales de Servicio de Salud (posición núm. 25055134) ",2
"Resolución del director general del Servicio de Salud de las Islas Baleares por la que se aprueba la convocatoria para cubrir, por el sistema de promoción interna temporal, una plaza vacante de la categoría grupo administrativo de la función administrativa de la plantilla orgánica autorizada de los Servicios Centrales de Servicio de Salud (posició núm. 25055137) ",2
"Resolución de la consejera de Presidencia, Función Pública e Igualdad, a propuesta de la directora gerente de la Escuela Balear de Administración Pública por la que se aprueba la lista de personas aspirantes seleccionadas en el concurso para formar parte de una bolsa extraordinaria para cubrir, con carácter de interinidad, plazas vacantes del cuerpo facultativo superior, escala ingeniería, especialidad ingeniería de montes, de la Administración especial de la Comunidad Autónoma de las Illes Balears, en la isla de Mallorca ",3
"Bases del procedimiento elección Juez de Paz, titular y sustituto ",1
Bases reguladoras específicas que han de regir la convocatoria de una bolsa de trabajo de educadores/as sociales para cubrir con carácter temporal las plazas vacantes o sustituciones de la plantilla de personal funcionario de este ayuntamiento ,1
"Publicación listado provisional de personas admitidas y excluidas de la Oferta Pública para la estabilización de la ocupación temporal correspondiente a la plaza de oficial de mantenimiento, por el sistema de concurso, que consta dentro de la OPE para la estabilización de la ocupación temporal del Ayuntamiento de Deià ",3
"Resolución del director general del Servicio de Salud de las Islas Baleares por la que se aprueba la convocatoria para cubrir, por el sistema de promoción interna temporal, una plaza vacante de la categoría grupo administrativo de la función administrativa de la plantilla orgánica autorizada de los Servicios Centrales de Servicio de Salud (posición núm. 25055132). ",2
"Resolución del director general del Servicio de Salud de las Islas Baleares por la que se aprueba la convocatoria para cubrir, por el sistema de promoción interna temporal, una plaza vacante de la categoría grupo administrativo de la función administrativa de la plantilla orgánica autorizada de los Servicios Centrales de Servicio de Salud. (posición núm. 00000002) ",2
"Resolución del director general del Servicio de Salud de las Islas Baleares por la que se aprueba la convocatoria para cubrir, por el sistema de promoción interna temporal, una plaza vacante de la categoría grupo administrativo de la función administrativa de la plantilla orgánica autorizada de los Servicios Centrales de Servicio de Salud (posición núm. 25020404) ",2
Rectificación de errores materiales detectado a las bases para la cobertura como personal funcionario de carrera de una plaza de Oficial de la Policía Local del Ayuntamiento de Algaida mediante promoción externa ,6
"Resolución del presidente del Instituto de Estudios Baleáricos de corrección de errores de las convocatorias del proceso de estabilización por concurso extraordinario de méritos y por concurso oposición para cubrir las plazas de personal laboral del Instituto de Estudios Baleáricos (BOIB núm. 168, de 27 de diciembre de 2022) ",6
"Resolución del director general del Servicio de Salud de las Islas Baleares por la que se aprueba la convocatoria para cubrir, por el sistema de promoción interna temporal, una plaza vacante de la categoría grupo administrativo de la función administrativa de la plantilla orgánica autorizada de los Servicios Centrales de Servicio de Salud (posición núm. 25055135) ",2
"Resolución del director general del Servicio de Salud de las Islas Baleares por la que se aprueba la convocatoria para cubrir, por el sistema de promoción interna temporal, una plaza vacante de la categoría grupo administrativo de la función administrativa de la plantilla orgánica autorizada de los Servicios Centrales de Servicio de Salud (posición núm. 25027794). ",2
"Resolución de la directora gerente del Hospital de Manacor por la que se aprueba la convocatoria para cubrir, por el sistema de libre designación, el puesto de trabajo de jefe/jefa del Servicio de Asesoría Jurídica del Hospital de Manacor ",2
"Resolución del director general del Servicio de Salud de las Islas Baleares por la que se aprueba la convocatoria para cubrir, por el sistema de promoción interna temporal, una plaza vacante de la categoría grupo administrativo de la función administrativa de la plantilla orgánica autorizada de los Servicios Centrales de Servicio de Salud, (posición núm. 25055130) ",2
Bases reguladoras específicas que han de regir la convocatoria de una bolsa de trabajo de trabajadores/as sociales para cubrir con carácter temporal las plazas vacantes o sustituciones de la plantilla de personal funcionario de este Ayuntamiento ,1
"Publicación listado provisional de personas admitidas y excluidas de la Oferta Pública para la estabilización de la ocupación temporal correspondiente a la plaza de limpiador/a, por el sistema de concurso, que consta dentro de la OPE para la estabilización de la ocupación temporal del Ayuntamiento de Deià ",3
"Publicación listado provisional de personas admitidas y excluidas de la Oferta Pública para la estabilización de la ocupación temporal correspondiente a la plaza de trabajador/a familiar, por el sistema de concurso, que consta dentro de la OPE para la estabilización de la ocupación temporal del Ayuntamiento de Deià ",3
"Resolución del director general del Servicio de Salud de las Islas Baleares por la que se aprueba la convocatoria para cubrir, por el sistema de promoción interna temporal, una plaza vacante de la categoría grupo administrativo de la función administrativa de la plantilla orgánica autorizada de los Servicios Centrales de Servicio de Salud (posición núm. 25021066) ",2
"Resolución del director general del Servicio de Salud de las Islas Baleares por la que se aprueba la convocatoria para cubrir, por el sistema de promoción interna temporal, una plaza vacante de la categoría grupo administrativo de la función administrativa de la plantilla orgánica autorizada de los Servicios Centrales de Servicio de Salud (posición núm. 25055136) ",2
"Aprobación lista provisional de admitidos y excluidos del procedimiento de selección, por turno libre, de dos plazas de técnico/a de administración general, personal funcionario de carrera, por el sistema de oposición ",3
"Resolución del director gerente de la Fundación Instituto de Investigación Sanitaria Illes Balears per la que se convoca un proceso selectivo para la contratación de personal técnico superior de apoyo a la investigación para el proyecto «Microbiota-Inflammation-Brain axis in heart failure: new food, biomarkers and AI approach for the prevention of undernutrition in older (AMBROSIA) (AC20/00111)» Código de expediente: 2023-05-INHUSE ",2
"Resolución de la consejera de Presidencia, Función Pública e Igualdad por la que se convoca un procedimiento extraordinario para constituir una bolsa de empleo temporal específica, descentralizada por islas, para la categoría de policía ",2
"Resolución núm. 167 de 31/01/2023, que resuelve aprobar la relación de personas que han superado las pruebas selectivas para cubrir tres plazas vacantes de la categoría de oficial de la Policía Local, i nombrar funcionarios en prácticas de la escala de administración especial, subescala servicios especiales, clase oficial de la Policía Local, del subgrupo C1 de clasificación, del Ayuntamiento de Ciutadella de Menorca ",4
"Resolución de modificación y corrección de errores de la Resolución del consejero ejecutivo de Hacienda y Función Pública de 30 de noviembre de 2022 por la que se aprueba la convocatoria del proceso selectivo de estabilización por el sistema de concurso-oposición para cubrir las plazas de personal funcionario de las escalas, subescalas, clases y categorías (o especialidades) de administración general y especial de los subgrupos A1, A2, C1, C2 y del grupo AP derivada de la oferta de empleo público de los Ayuntamientos de Alcúdia, Algaida , Andratx, Artà, Capdepera, Felanitx, Inca, Lloseta, Manacor, Pollensa, Porreres, Puigpunyent, Sencelles, Ses Salines y Santa Maria del Camí ",6
"Resolución de la Presidenta del Instituto Mallorquín de Asuntos Sociales, relativa a la rectificación del error material detectado en la Resolución de la Presidenta del Instituto Mallorquín de Asuntos Sociales, de 13 de abril de 2022 (SEGRA 511328), publicada en el BOIB n.º 53, de 21 de abril de 2022, por la cual se aprueban las bases específicas y se convoca un concurso para constituir una bolsa extraordinaria única de Técnico/a superior en Economía ",6
"Decreto de Alcaldía, de fecha 10 de febrero de 2023, de modificación de la composición de las Comisiones de Selección de las plazas pertenecientes al Grupo C, de las pruebas selectivas correspondientes al proceso de estabilización de empleo temporal 2022 del Ayuntamiento de Calviá ",5
Resolución de la directora gerente del Institut de Recerca i Formació Agroalimentària i Pesquera de las Illes Balears (IRFAP) por la que se aprueban las bases específicas de la convocatoria para crear un bolsín de trabajo de auxiliar pecuario o pecuaria (grupo D ) en Mallorca y en Menorca ,2
Resolución de modificación de la composición de los órganos de selección que regirán las convocatorias del proceso de estabilización de la ocupación temporal de 2022 de la Oficina Municipal de Tributos de Calvià ,7
Resolución de la gerente de la Fundación de Atención y Apoyo a la Dependencia y de Promoción de la Autonomía Personal de las Illes Balears por la que se nombra a los miembros de los tribunales de los procesos excepcionales de estabilización para cubrir plazas de personal laboral por los sistemas de concurso y de concurso oposición ,5
"Resolución del director gerente de la Fundación Instituto de Investigación Sanitaria Illes Balears por la que se convoca un proceso selectivo para la contratación de personal técnico superior para el proyecto «RADIX en genómica para la medicina de precisión, financiado por el proyecto IdISBaJanssen» (RADIX/JANSSEN21/01) Código de expediente: 2023-02-NAIDISBA ",2
"Resolución del síndico mayor por la que se modifica la composición del Tribunal Calificador del proceso excepcional de estabilización del empleo público de larga duración, por concurso extraordinario de méritos, para cubrir dos plazas de auditor del personal funcionario de la Sindicatura de Cuentas de las Illes Balears ",7
"Resolución del síndico mayor por la que se modifica la composición del Tribunal Calificador del proceso excepcional de estabilización del empleo público de larga duración, por concurso extraordinario de méritos, para cubrir una plaza de subalterno del personal funcionario de la Sindicatura de Cuentas de las Illes Balears ",7
"Resolución de la consejera de Presidencia, Función Pública e Igualdad, a propuesta de la directora gerente de la Escuela Balear de Administración Pública por la que se aprueba la lista de personas aspirantes seleccionadas en el concurso para constituir una bolsa extraordinaria para cubrir, con carácter de interinidad, plazas vacantes del cuerpo facultativo técnico, escala tecnologías de la información y telecomunicaciones, especialidad informática, de la Administración especial de la Comunidad Autónoma de las Islas Baleares, para la isla de Mallorca ",3
Inicio del procedimiento de elección del cargo de juez de paz titular del municipio de Sant Llorenç des Cardassar ,1
"Resolución del consejero de Movilidad y Vivienda sobre el nombramiento de los miembros de los tribunales del proceso excepcional de estabilización por concurso extraordinario de méritos, para cubrir las plazas de personal laboral del Consorcio de Transportes de Mallorca, de acuerdo con la oferta pública de estabilización aprobada por el Consejo de Administración de 19 de mayo de 2022 y prevista en la Ley 20/2021, de 28 de diciembre, de medidas urgentes para la reducción de la temporalidad en el empleo público ",5
"Bases específicas que han de regir el procedimiento selectivo para la creación urgente de una bolsa de tÉcnico de administración general, personal funcionario interino, del Ayuntamiento de Alcúdia ",1
"Modificación del anexo V de las bases que regirán la convocatoria correspondiente al proceso de estabilización por concurso-oposición para cubrir siete plazas de personal funcionario de carrera de la Administración general y especial del Ayuntamiento de Santanyí respecto a las titulaciones admitidas como requisito para acceder a la plaza de: Técnico/a de medio ambiente, perteneciente, al grupo A, subgrupo A2, escala especial, subescala técnica ",7
Relación de aspirantes que han superado el proceso selectivo para cubrir como personal funcionario de carrera seis places de Policía Local del Ayuntamiento de Inca mediante oposición ,4
Corrección de errores de la Resolución del día 30 de noviembre de 2022 de la Universidad de las Illes Balears por la cual se convoca el proceso de estabilización para el acceso a plazas ocupadas de forma interina por personal docente e investigador ,6
"Bases convocatoria para constituir bolsa de trabajo personal funcionario interino, necesidades urgentes en la Policía Local ",2
Resolución del director general del Servicio de Salud de las Islas Baleares de 8 de febrero de 2023 por la que se convoca un concurso de méritos para constituir las bolsas generales para la selección de personal estatutario temporal del Servicio de Salud de la categoría teleoperador/teleoperadora de la Central de Coordinación del 061 ,2
"Resolución de la consejera de Presidencia, Función Pública e igualdad de modificación de la Resolución de fecha 16 de septiembre de 2022 por la cual se aprueba la convocatoria del proceso de estabilización por concurso oposición para cubrir las plazas de personal funcionario de la Administración general y especial de la Comunidad Autónoma de las Islas Baleares (BOIB n.º 122, de 17 de septiembre) ",2
"Resolución de modificación y corrección de errores de la Resol. del consejero ejecutivo de Hacienda y FP de 30-11-2022 por la que se aprueba la convoc. del proceso selectivo de estabilización por el sistema de concurso-oposición para cubrir las plazas de pers. lab.l fijo de las categorías o especialidades de los subgrupos A1, A2, C1 y C2 y grupo AP derivada de la OPE de los Ayuntamientos de Alcúdia, Algaida, Andratx, Artà, Binissalem, Campanet, Capdepera, Consell, Esporles , Inca, Lloret de Vistalegre, Manacor, Pollensa, Sa Pobla, Sencelles, S.Salines, S.Servera y Valldemossa; de las Mancom. des Pla y del Raiguer; Serv. Municip. de Porreres, SL, y del Patronato Residencia Cas Metge Rei ",6
"Aprobación listado provisional admitidos y excluidos y nombramiento miembros tribunal proceso selectivo para cubrir cuatro plazas de personal de limpieza, personal laboral fijo, por concurso (estabilización) ",3
"Resolución del director general del Servicio de Salud de las Islas Baleares de 6 de febrero de 2023 por la que se convoca la provisión del puesto de trabajo, por el procedimiento de libre designación, de jefe/jefa del Servicio de Medicina Interna del Hospital Comarcal de Inca ",2
"Resolución de la consejera ejecutiva del Departamento de Servicios Generales núm. 2023/95, de fecha 7 de febrero de 2023, de corrección de error del nombramiento de un miembro del tribunal de las diferentes convocatorias de las ofertas públicas de ocupación extraordinaria por estabilización del Consejo Insular de Menorca y entes dependientes, de todos los ayuntamientos de Menorca y del Instituto Menorquín de Estudios, que dice ",6
Resolución de la Presidencia del Instituto Mallorquín de Asuntos Sociales por la cual se aprueba la lista definitiva de las personas aspirantes seleccionadas del concurso para formar parte de una bolsa de trabajo extraordinaria única de la especialidad de Ingeniero/a Técnico/a Industrial ,3
"Resolución de la consejera de Presidencia, Función Pública e igualdad de modificación de la Resolución de fecha 16 de septiembre de 2022 por la cual se aprueba la convocatoria del proceso de estabilización por concurso oposición para cubrir las plazas de personal laboral de la Administración de la Comunidad Autónoma de las Islas Baleares (BOIB n.º 122, de 17 de septiembre) ",2
"Corrección de errores de la resolución del director gerente del Hospital Universitari Son Espases de 26 de enero de 2023 por la que se por la que se convoca la provisión del puesto de trabajo, por el procedimiento de libre designación, de Jefe/a de Sección de Anestesia y Reanimación (Área de la Mujer) del Hospital Universitario Son Espases ",6
"Corrección errores BOIB nº 167 de 24/12/2022. Convocatoria 3 plazas policía local, funcionarios de carrera ",6
Aprobación listado provisional admitidos y excluidos y nombramiento miembros tribunal proceso selectivo de una plaza de operario de mantenimiento personal laboral fijo por concurso oposición (estabilización) ,3
"Resolución del director general del Servicio de Salud de las Islas Baleares de 6 de febrero de 2023 por la que se convoca la provisión del puesto de trabajo, por el procedimiento de libre designación, de jefe/jefa del Servicio de Análisis clínicos del Hospital Comarcal de Inca ",2
"Resolución de modificación y corrección de errores de la Resolución del consejero ejecutivo de Hacienda y Función Pública de 30 de noviembre de 2022 por la que se aprueba la convocatoria del proceso selectivo de estabilización por el sistema de concurso-oposición para cubrir las plazas de personal funcionario de las escalas, subescalas , clases y categorías (o especialidades) de administración general y especial de los subgrupos A1, A2, C1, C2 y del grupo AP derivada de la oferta de empleo público de los Ayuntamientos de Alcúdia, Algaida , Andratx, Artà, Capdepera, Felanitx, Inca, Lloseta, Manacor, Pollença, Porreres, Puigpunyent, Sencelles, Ses Salines y Santa Maria del Camí ",6
"Resolución de la consejera de Presidencia, Función Pública e Igualdad por la que se adjudica, por el procedimiento de libre designación, un puesto de trabajo de personal funcionario de la Administración de la Comunidad Autónoma de las Illes Balears, convocado mediante Resolución de 17 de noviembre de 2022 (BOIB núm. 156, de 1 de diciembre) ",4
"Convocatoria y bases para cubrir por el procedimiento de promoción interna una plaza de administrativo/a, personal funcionario de carrera del Ayuntamiento de Costitx, por el sistema concurso-oposición, que consta dentro de la Oferta de Empleo Público 2023 ",2
"Resolución de la consejera de Presidencia, Función Pública e igualdad de modificación de la Resolución de fecha 16 de septiembre de 2022 por la cual se aprueba la convocatoria del proceso excepcional de estabilización por concurso extraordinario de méritos para cubrir las plazas de personal funcionario de la Administración general y especial de la Comunidad Autónoma de las Islas Baleares (BOIB n.º 122, de 17 de septiembre) ",7
"Aprobación listado provisional admitidos y excluidos y nombramiento miembros tribunal proceso selectivo de una plaza de auxiliar administrativo, funcionario de carrera, por concurso oposición (estabilización) ",3
"Resolución del director general del Servicio de Salud de las Islas Baleares de 6 de febrero de 2023 por la que se convoca la provisión del puesto de trabajo, por el procedimiento de libre designación, de jefe/jefa del Servicio de Anatomía Patológica del Hospital Comarcal de Inca ",2
Resolución del director gerente de la Fundación Instituto de Investigación Sanitaria Illes Balears por la que se convoca un proceso selectivo para la contratación de personal técnico medio de apoyo a la investigación para el proyecto «Methodological Support for the Performance of Literature Reviews within Evidence-based Scientific Assessments. Procedure reference number: OC/EFSA/MESE/2022/03 (PSAP/EFSA)» Código de expediente: 2023-01-INGAP ,2
"Aprobación listado provisional admitidos y excluidos y nombramiento miembros tribunal proceso selectivo de tres plazas de auxiliar administrativo, personal laboral fijo por concurso (estabilización) ",3
"Aprobación listado provisional admitidos y excluidos y nombramiento miembros tribunal proceso selectivo para cubrir una plaza de Técnico de Administración General, funcionario de carrera, por el sistema de concurso (estabilización) ",3
"Resolución de la directora de la Gerencia del Área de Salud de Menorca por la que se adjudica, por el procedimiento de libre designación, el puesto de trabajo de Supervisor/a de Unidad de Enfermería de la unidad de hospitalización de Cirugía Ortopédica y Traumatología del Hospital Mateu Orfila ",4
"Resolución de la consejera de Presidencia, Función Pública e igualdad de modificación de la Resolución de 16 de septiembre de 2022 por la cual se aprueba la convocatoria del proceso excepcional de estabilización por concurso extraordinario de méritos para cubrir las plazas de personal laboral de la Administración general y especial de la Comunidad Autónoma de las Islas Baleares (BOIB n.º 122, de 17 de septiembre) ",2
"Resolución de la consejera de Salud y Consumo por la que se adjudica, por el sistema de libre designación, el puesto de trabajo de subdirector de Gestión y Servicios Generales de la Gerencia de Atención Primaria de Mallorca, con contrato de alta dirección regulado por el Real decreto 1382/1985, de 1 de agosto ",4
"Aprobación listado provisional admitidos y excluidos y nombramiento miembros tribunal proceso selectivo para cubrir la plaza de un operario de mantenimiento, personal laboral fijo, por concurso oposición (estabilización) ",3
"Res. de mod. y corrección de errores de la Res. del consejero ejecutivo de Hacienda y Función Pública, de 30 de noviembre 2022, por la que se aprueba la conv. del proc. selec. de estabilización por el sist. exc. concurso de méritos para cubrir plazas de personal funcionario de las escalas, subescalas, clases y categorías (o especialidades) de AG y AE de los subgrupos A1, A2, C1, C2 y grupo AP derivada de la OPE extraordinaria de los Ayuntamientos de Alcúdia, Algaida, Andratx, Artà, Binissalem, Búger, Capdepera, Consell, Esporles, Estellencs, Felanitx, Inca, Lloseta, Manacor, Pollença, Porreres, Puigpunyent, Santa María del Camí, Sa Pobla, Sencelles, Ses Salinas, Son Servera y Valldemossa ",6
"Resolución del director general del Servicio de Salud de las Islas Baleares de 6 de febrero de 2023 por la que se convoca la provisión del puesto de trabajo, por el procedimiento de libre designación, de jefe/jefa del Servicio de Anestesia Y reanimación del Hospital Comarcal de Inca ",2
"Resolución modificación y corrección de errores de la Resolución del consejero ejecutivo de Hacienda y FP de 30/11/2022, que aprueba la convocatoria del proceso selectivo estabilización por el sistema excepcional de concurso de méritos para cubrir plazas de personal laboral fijo de las categorías (o especialidades), subgrupos A1, A2, C1, C2 y grupos B y AP derivada de la oferta de empleo público de…. ",6
"Resolución del director general del Servicio de Salud de las Illes Balears, de 10 de enero de 2023, por la que se aprueba la convocatoria para cubrir, por el procedimiento de promoción interna temporal, una plaza del Grupo de Gestión de la Función Administrativa (A2) de la plantilla orgánica autorizada del Hospital Universitario Son Espases ",2
"Resolución del director general del Servei de Salut de les Illes Balears, de 1 de febrero de 2023, por la que se adjudica, por el procedimiento de promoción interna temporal, dos plazas temporales de la categoría de Enfermero/a Especialista Salud Mental (A2) de la plantilla orgánica autorizada del Hospital Universitari Son Espases ",4
"Resolución de la directora gerente del Área de Salud de Ibiza y Formentera, por la que se convoca, por el sistema de libre designación, el puesto de Jefatura de Servicio de Medicina Intensiva de la plantilla orgánica autorizada del Hospital Can Misses, en el Área de Salud de Ibiza y Formentera (Convocatoria 2023_02) ",2
"Corrección de errores advertidos en la resolución de la directora gerente del Consorcio Escuela de Hostelería de las Illes Balears por la que se aprueba la convocatoria específica de la oferta pública de estabilización mediante procedimiento concurso - oposición para el acceso como personal laboral fijo del Consorcio Escola d’Hoteleria de les Illes Balears, de acuerdo con el artículo 2.1 de la Ley 20/2021, de 28 de diciembre, de medidas urgentes para la reducción de la temporalidad en el empleo público ",6
Bases específicas que regirán el proceso selectivo para constituir una bolsa para cubrir con carácter temporal puestos de trabajo de la categoría de Teleoperador/a (TELEOP01-23) ,1
"Aprobación lista definitiva de aprobados de la bolsa de trabajo de arquitecto técnico del grupo A, subgrupo A2, del Ayuntamiento de Muro ",4
Patronato Municipal de Escuelas de Infantil. Nombramiento de los Tribunales para el concurso de oposición de varias plazas de personal laboral correspondiente a la tasa adicional de estabilización de la ocupación temporal para el año 2021 ,5
"Resolución del director gerente del Hospital Universitari Son Espases por la que se adjudica, por el procedimiento de libre designación, el puesto de trabajo de supervisor/a de la Unidad de Consultas y Gabinete Digestivo (DIGG) ",4
"Expte. 2023/612. Corrección de error material del acuerdo adoptado por la Junta de Gobierno Local de 2 de febrero de 2023 referente a la convocatoria y bases para constituir una bolsa de trabajo para proveer, con personal funcionario interino, necesidades urgentes existentes en la Policía Local del Ayuntamiento de Artà ",6
"Determinación de la composición del órgano de selección encargado de llevar a cabo el proceso selectivo relacionado con la convocatoria publicada en el BOIB n.º 169 de fecha 29 de diciembre de 2022 , por la cual se aprueban las bases que regulan el proceso de estabilización por concurso, para cubrir la plaza de personal laboral identificada con el código L0261000C patrón/patrona profesional guarda pesca de reserva marina en Palma, Mallorca, del Institut de Recerca i Formación Agroalimentaria i Pesquera de les Illes Balears (IRFAP) ",5
"Resolución de la consejera ejecutiva del Departamento de Servicios Generales núm. 2023/85, de fecha 3 de febrero de 2023, por la cual se nombran nuevos miembros de los tribunales de las diferentes convocatorias de las ofertas publicas de ocupación extraordinaria del Consejo Insular de Menorca y entes dependientes, de todos los ayuntamientos de Menorca y del Instituto Menorquín de Estudios, que dice: ",5
"Resolución de la directora gerente del Área de Salud de Ibiza y Formentera, por la que se convoca, por el sistema de libre designación, el puesto de Jefatura de Servicio de Medicina Interna de la plantilla orgánica autorizada del Hospital Can Misses, en el Área de Salud de Ibiza y Formentera (Convocatoria 2023_01) ",2
"Corrección de errores de la Resolución del día 30 de noviembre de 2022 de la Universidad de las Illes Balears por la cual se convocan pruebas selectivas de acceso, por el turno libre, para el ingreso a diferentes cuerpos, escalas y especialidades de personal de administración y servicios de esta universidad ",6
"Resolución del director gerente de la Fundación Instituto de Investigación Sanitaria Illes Balears por la cual se convoca un proceso selectivo para la contratación de tres gestores científicos para el programa «Gestió» del proyecto «Consciència IdISBa: consolidar la ciència IdISBa», convocatoria financiada por el plan anual 2022 del Impuesto de Turismo Sostenible (ITS2023-057) ",2
Resolución de aprobación de la convocatoria en Comisión de servicios CS5/2023 de jefe del Servicio de Gestión Económica del Área de Gerencia del IMAS ,2
"Resolución de la directora gerente del Hospital de Manacor por la que se adjudica, por el sistema de promoción interna temporal, una plaza vacante de la categoría grupo administrativo de la función administrativa de la plantilla orgánica autorizada del Hospital de Manacor ",4
"Resolución del consejero ejecutivo de Hacienda y Función Pública por la que se resuelve la convocatoria del procedimiento selectivo para la provisión, mediante el sistema de concurso oposición, de 32 plazas, por el turno libre, de la escala de Administración especial, subescala de servicios especiales, clase de servicio de extinción de incendios, subgrupo C2, especialidad bombero conductor/bombera conductora, de personal funcionario del Servicio de Bomberos del Consejo de Mallorca correspondientes a las ofertas de empleo pública acumuladas, correspondientes a los años 2017, 2018, 2019 y 2021 y se aprueba la composición de la bolsa de personal funcionario interino ",4
Convocatoria y bases que específicas que regirán el concurso-oposición para proveer como contratado/da laboral una plaza de técnico/a superior para la gestión de la Entidad Pública Empresarial Sóller 2010 y constitución de una bolsa de trabajo ,2
"Resolución de la directora gerente del Hospital de Manacor por la que se adjudica, por el sistema de libre designación, la provisión de un puesto de trabajo de supervisor/supervisora de la Unidad de Cirugía Sin Ingreso y Gabinete de Digestivo del Hospital de Manacor ",4
"Resolución del director de la Oficina de Prevención y lucha Contra la Corrupción en las Illes Balears por la cual se convoca mediante el sistema de comisión de servicios la provisión, de carácter voluntario, de dos puestos de trabajo de jefe de Unidad del Área de Investigación e inspección (CS 1/2023) ",2
"Resolución de la alcaldía núm. 0347/2022, de data 1 de setiembre de 2021, del Ayuntamiento de Deià por el cual se aprueban las Bases que tienen que regir el proceso selectivo para constituir, mediante concurso, una bolsa de trabajo de personal funcionario interino o laboral de ingeniero industrial del Ayuntamiento de Deià ",1
"Determinación de la composición del órgano de selección encargado de llevar a cabo el proceso selectivo relacionado con la convocatoria publicada en el BOIB n.º 169 de fecha 29 de diciembre de 2022 , por la cual se aprueban las bases que regulan el proceso de estabilización por concurso-oposición, para cubrir la plaza de personal laboral identificada con el código L0259000G veterinario puesto base n.º 18 en Ciutadella, Menorca, del Institut de Recerca i Formació Agroalimentària i Pesquera de les Illes Balears (IRFAP) ",5
"Resolución del director general del Servei de Salut de les Illes Balears, de 1 de febrero de 2023, por la que se adjudica, por el procedimiento de promoción interna temporal, 2 plazas temporales de la categoría de Enfermero/a Obstétrico-Ginecológica (A2) de la plantilla orgánica autorizada del Hospital Universitari Son Espases ",4
Nombramiento del tribunal calificador y aprobación del listado de personas admitidas de la convocatoria en promoción interna de seis plazas de oficial de Policía Local del Ayuntamiento de Maó ,3
"Resolución de la consejera de Presidencia, Función Pública e Igualdad, a propuesta de la directora gerente de la Escuela Balear de Administración Pública, por la que se aprueban las listas definitivas de personas aspirantes admitidas y excluidas, con indicación de las causas de exclusión del concurso para constituir una bolsa extraordinaria para cubrir, con carácter de interinidad, plazas vacantes del cuerpo ayudante facultativo, escala profesional infraestructuras, de la Administración especial de la Comunidad Autónoma de las Illes Balears, en la isla de Menorca ",3
"Resolución del director gerente del Hospital Universitario Son Llàtzer de 8 de febrero de 2023 por la cual se adjudica, por el procedimiento de libre designación, el puesto de trabajo de supervisor/a de enfermería de la unidad de Diálisis del Hospital Universitario Son Llàtzer ",4
"Resolución del director de la AETIB, de designación de los órganos de selección de las convocatorias de proceso selectivo de estabilización mediante concurso de méritos y modalidad concurso-oposición para el acceso como personal fijo de la Agencia de Estrategia Turística de las Islas Baleares (AETIB) ",5
"Resolución de corrección de errores de la Resolución del consejero ejecutivo de Hacienda y Función Pública por la cual se aprueban las bases para la provisión del puesto de trabajo de personal funcionario de Jefe/a de Abogacía del departamento de Presidencia, código nº. 00019, por el sistema de libre designación y se aprueba la convocatoria de fecha 2 de febrero de 2022 ",6
Resolución de alcaldía para declarar desierta una plaza de Policia Local reservada a su provisión por movilidad ,4
Departamento de Personal. Negociado de Selección y Provisión. Subsanar error material convocatoria estabilización mediante el sistema excepcional de concurso de méritos para cubrir plazas de personal laboral del Ayuntamiento de Palma ,6
"Resolución de corrección de errores de la Resolución del consejero ejecutivo de Hacienda y Función Pública por la cual se aprueban las bases para la provisión del puesto de trabajo de personal funcionario de Abogado/a coordinador/a del departamento de Presidencia, código nº. 00022, por el sistema de libre designación y se aprueba la convocatoria de fecha 2 de febrero de 2022 ",6
"Resolución del consejero ejecutivo de Hacienda y Función Pública para aprobar las bases para el provisión del puesto de trabajo de personal funcionario de Abogado/a coordinador/a del departamento de Presidencia, código nº. 00022, por el sistema de libre designación y aprobar la convocatoria ",2
"Corrección de errores observados en la Resolución de la directora gerente de Gestió d’Emergències de les Illes Balears, SAU, por la que se publica el Acuerdo del Consejo de Administración por el que se aprueba la convocatoria del proceso excepcional de estabilización por concurso extraordinario de méritos para cubrir las plazas de personal laboral de Gestió d’Emergències de les Illes Balears, SAU ",6
"Resolución del director gerente del Hospital Universitario Son Llàtzer de 2 de febrero de 2023 por la que se convoca la provisión, por el procedimiento de libre designación, de dos puestos de jefe/a de sección del servicio de Anestesia y reanimación ",2
"Resolución de la directora general de Personal Docente de 1 de febrero de 2023 por la que se convocan las pruebas selectivas de ingreso, acceso y adquisición de nuevas especialidades a los cuerpos docentes de profesores de enseñanza secundaria, de profesores de escuelas oficiales de idiomas, de profesores de música y artes escénicas, y de maestros en las Illes Balears ",2
"Corrección de errores observados en la resolución de la directora gerente de Gestió d’Emergències de les Illes Balears, SAU, por la que se publica el acuerdo del Consejo de Administración por el que se aprueba la convocatoria del proceso de estabilización por concurso oposición para cubrir las plazas de personal laboral de Gestió d’Emergèncias de les Illes Balears, SAU ",6
Convocatoria y bases que tienen que regir el proceso selectivo para la cobertura como personal funcionario de carrera de una plaza de Oficial de la Policía Local del Ayuntamiento de Algaida mediante promoción externa ,2
Departamento de Personal. Negociado de Selección y Provisión. Subsanar error material convocatoria estabilización mediante el sistema excepcional de concurso de méritos para cubrir plazas de personal funcionario del Ayuntamiento de Palma ,6
"Resolución del consejero ejecutivo de Hacienda y Función Pública para aprobar las bases para la provisión del puesto de trabajo de personal funcionario de Jefe/a de la Abogacía del departamento de Presidencia, código nº. 00019, por el sistema de libre designación y aprobar la convocatoria ",1
"Resolución del director gerente del Hospital Universitario Son Llàtzer de 2 de febrero de 2023 por la que se convoca la provisión, por el procedimiento de libre designación, del puesto de trabajo de jefe/a de Servicio de Traumatología y Cirugía Ortopédica ",2
Constitución bolsa extraordinaria técnico de administración general Ayuntamiento de Campos ,2
Aprobación lista provisional de personas admitidas para tomar parte en el concurso por promoción interna Administrativo/a del Patronato Municipal de la Vivienda y Rehabilitación Integral de Barrios ,3
"Resolución del director gerente del Hospital Universitari Son Espases de 26 de enero de 2023 por la que se convoca la provisión del puesto de trabajo, por el procedimiento de libre designación, de Jefe/a de Sección de Medicina Interna (adscrita a Hospitalización a Domicilio) del Hospital Universitario Son Espases ",2
"Resolución del director gerente del Hospital Universitari Son Espases de 26 de enero de 2023 por la que se convoca la provisión del puesto de trabajo, por el procedimiento de libre designación, de Jefe/a de Sección de Cirugía Plástica del Hospital Universitario Son Espases ",2
"Resolución del director gerente del Hospital Universitari Son Espases de 26 de enero de 2023 por la que se convoca la provisión del puesto de trabajo, por el procedimiento de libre designación, de Jefe/a de Sección de Anestesia y Reanimación (Área de la Mujer) del Hospital Universitario Son Espases ",2
"Resolución del director gerente del Hospital Universitari Son Espases de 26 de enero de 2023 por la que se convoca la provisión del puesto de trabajo, por el procedimiento de libre designación, de Jefe/a de Sección de Cardiología del Hospital Universitario Son Espases ",2
Constitución de bolsa de trabajo de TAG de Medio Ambiente del Ayuntamiento de Manacor ,2
"Resolución del director gerente del Hospital Universitari Son Espases por la que se adjudica, por el procedimiento de libre designación, el puesto de trabajo de supervisor/a del Área de Gestión Proceso Enfermero ",4
"Resolución del director gerente del Hospital Universitari Son Espases de 26 de enero de 2023 por la que se convoca la provisión del puesto de trabajo, por el procedimiento de libre designación, de Jefe/a de Sección de Hematología y Hematoterapia del Hospital Universitario Son Espases ",2
"Aprobación de la Convocatoria y bases para constituir una bolsa de trabajo para proveer, con personal funcionario interino, necesidades urgentes existentes en la Policía Local del Ayuntamiento de Artà ",2
"Resolución del director gerente del Hospital Universitari Son Espases por la que se adjudica, por el procedimiento de libre designación, el puesto de trabajo de supervisor/a del Área de Calidad ",2
"Resolución de la consejera de Presidencia, Función Pública e Igualdad por la que se modifica la designación de los Tribunales Calificadores del proceso excepcional de estabilización por concurso extraordinario de méritos para cubrir las plazas de personal funcionario de la Administración general y especial de la Comunidad Autónoma de las Illes Balears ",7
"Resolución del director gerente del Hospital Universitari Son Espases por la que se adjudica, por el procedimiento de libre designación, el puesto de trabajo de supervisor/a del Área de Recursos Materiales ",4
"Resolución de la consejera de Presidencia, Función Pública e Igualdad por la que se aprueban la convocatoria y las bases para proveer un puesto de trabajo de personal funcionario de la Administración de la Comunidad Autónoma de las Illes Balears por el procedimiento de libre designación ",2
Constitución bolsa de trabajo de técnico/a de Deportes ,2
"Resolución del director gerente del Hospital Universitari Son Espases por la que se adjudica, por el procedimiento de libre designación, el puesto de trabajo de supervisor/a de la Unidad de Hospitalización de Pediatría (UH1B) ",4
Bases y programa de la convocatoria para la constitución de un bolsín específico para la cobertura de necesidades de plazas de trabajador familiar del ayuntamiento de Andratx ,2
"Bases específicas para la creación de una bolsa de técnicos/as superiores en Pesca y Recursos Marinos, grupo A, subgrupo A1, pertenecientes a la escala de administración especial, subescala técnica, clase superior, para cubrir interina o temporalmente, las posibles necesidades de provisión urgente de plazas y puestos de trabajo del Consell Insular d’Eivissa ",1
"Bases específicas que regirán la convocatoria para constituir, mediante concurso, una bolsa de trabajo para proveer, con personal funcionario interino, necesidades urgentes existentes en la policía local del ayuntamiento de Andratx ",1
Resolución de la directora general de Personal Docente de día 27 de enero de 2023 por la que se hace pública la composición definitiva del tribunal del cuerpo de inspectores de educación que tiene que actuar en las pruebas selectivas de acceso al cuerpo de inspectores de educación en las Illes Balears convocadas por Resolución de 5 de diciembre de 2022 ,5
Aprobación la lista definitiva de admitidos y excluidos del procedimiento selectivo de una plaza de subinspector de policía local y realización de la primera prueba. ,3
"Resolución del director general del Servicio de Salud de las Islas Baleares por la que se designan y/o modifican los miembros de diferentes tribunales de selección del concurso extraordinario y/o concurso-oposición para acceder a plazas vacantes de personal estatutario fijo de determinadas categorías profesionales derivadas de la oferta de empleo público adicional de estabilidad ordinaria y excepcional de estabilización para el año 2022, en el Servicio de Salud de las Islas Baleares ",7
"Bases específicas para la creación de una bolsa de ingenieros técnicos agrícolas/ingenieras técnicas agrícolas, grupo A, subgrupo A2, pertenecientes a la escala de administración especial, subescala técnica, clase media, para cubrir interinamente o temporalmente, las posibles necesidades de provisión urgente de plazas y puestos de trabajo del Consell Insular d’Eivissa ",1
"Resolución del Gerente de la Fundació Balear d’Innovació i Tecnologia de corrección de errores de la convocatoria del proceso excepcional de estabilización por concurso extraordinario de méritos y por concurso oposición para cubrir las plazas del personal laboral de la Fundació Balear d’Innovació i Tecnologia (BOIB núm. 169, de 29 de diciembre) ",6
"Resolución de la consejera ejecutiva del Departamento de Servicios Generales núm. 2023/59, de fecha 26 de enero de 2023, por la cual se modificación y nombramiento de nuevos miembros de los tribunales de las diferentes convocatorias de las ofertas públicas de ocupación extraordinaria por estabilización del Consejo Insular de Menorca y entes dependientes, de todos los ayuntamientos de Menorca y del Instituto Menorquín de Estudios, que dice: ",7
Departamento de Personal. Negociado de Selección y Provisión. Convocatoria en comisión de servicios mediante el sistema de libre designación de jefe/a de Departamento de Interior del Ayuntamiento de Palma ,2
"Resolución de la directora gerente del Área de Salud de Ibiza y Formentera, por la que se convoca la provisión, por el procedimiento de libre designación, del puesto de trabajo de director/a de la Zona Básica de Salud de Santa Eulalia, de la plantilla orgánica autorizada de Atención Primaria dependiente de la Gerencia del Área de Salud de Ibiza y Formentera (Convocatoria 2023_07) ",2
"Bases específicas que regirán la convocatoria para constituir una bolsa de trabajo para proveer, con personal funcionario interino, necesidades urgentes existentes en la policía local del Ayuntamiento de Porreres ",1
"Resolución del director gerente de la Gerencia de Atención a Urgencias 061 por la cual se adjudica, por el sistema de promoción interna temporal, tres plazas vacantes de enfermera/o de urgencias de Atención Primaria para la Unidad de Transporte Pediátrico (A2) de la plantilla orgánica autorizada de la Gerencia de Atención a Urgencias 061 ",4
"Resolución de la consejera de Presidencia, Función Pública e Igualdad, a propuesta de la directora gerente de la Escuela Balear de Administración Pública, por la que se excluye a una aspirante del concurso para constituir una bolsa extraordinaria para cubrir, con carácter de interinidad, plazas vacantes del cuerpo facultativo superior, escala ingeniería, especialidad ingeniería industrial, de la Administración especial de la Comunidad Autónoma de las Illes Balears, en la isla de Mallorca ",0
"Corrección de errores de la Resolución del día 30 de noviembre de 2022 de la Universidad de las Illes Balears por la cual se convocan pruebas selectivas de acceso, por el turno libre, para el ingreso a diferentes cuerpos, escalas y especialidades de personal de administración y servicios de esta universidad ",6
"Resolución de la directora gerente del Área de Salud de Ibiza y Formentera, por la que se convoca la provisión, por el procedimiento de libre designación, del puesto de trabajo de director/a de la Zona Básica de Salud de Vila, de la plantilla orgánica autorizada de Atención Primaria dependiente de la Gerencia del Área de Salud de Ibiza y Formentera (Convocatoria 2023_06) ",2
Resolución del director gerente del FOGAIBA por la cual se corrigen los errores detectados a la Resolución de 16 de diciembre de 2022 por la cual se aprueban las convocatorias del proceso de estabilización por concurso oposición y del proceso derivado de tasa de reposición ordinaria para cubrir las plazas de personal laboral del Fondo de Garantía Agraria y Pesquera de las Islas Baleares (FOGAIBA) ,6
"Resolución de la directora gerente del Hospital de Manacor por la que se convoca la provisión, por el sistema de libre designación, del puesto de trabajo de jefe/jefa de sección del Servicio de Cirugía General y del Aparato Digestivo del Hospital de Manacor (Área de Salud de Mallorca) ",2
"Resolución de la consejera de Presidencia, Función Pública e Igualdad, a propuesta de la directora gerente de la Escuela Balear de Administración Pública por la que se aprueba la lista de personas aspirantes seleccionadas en el concurso para formar parte de una bolsa extraordinaria para cubrir, con carácter de interinidad, plazas vacantes del cuerpo facultativo superior, escala arquitectura, de la Administración especial de la Comunidad Autónoma de las Illes Balears, para la isla de Mallorca ",4
"Resol. de modif. y correc. errores de la Resol. del consejero ejecutivo de Hacienda y FP, de 30-11-2022, que aprueba la convoc. del proc. selec.de estabil. por el sist. conc. méritos para cubrir plazas de pers. lab. fijo de categ. (o especial.) de subgr. A1, A2, C1, C2 y grup B y AP derivada de OPE de los Ayuntamientos de Alcúdia, Algaida, Andratx, Artà, Binissalem, Búger, Campanet, Capdepera, Consell, Esporles, Estellencs, Felanitx, Inca, Lloret, Lloseta, Manacor, María de la Salud, Pollença, Porreres, Puigpunyent, Sta. María, Sa Pobla, Sencelles, S.Salines, S.Servera y Valldemossa; Patr. Res. Cas Metge Rei; EMSER 2022 y S. Mun. Porreres; de las Manc. Pla, Raiguer y de la ELM Palmanyola ",6
Corrección de errores de la Resolución del día 30 de noviembre de 2022 de la Universidad de las Illes Balears por la que se convoca el proceso de estabilización por el sistema de concurso para el acceso a diferentes cuerpos y escalas como funcionario de carrera de administración y servicios de la Universidad de las Illes Balears ,6
"Resolución de la consejera de Presidencia, Función Pública e Igualdad de corrección de errores de la resolución de la consejera de Presidencia, Función Pública e Igualdad por la que se aprueban la convocatoria, las bases, los ejercicios y temario, y el baremo de méritos, y se designa al Tribunal Calificador de las pruebas selectivas por el turno libre y por el turno de promoción interna del personal laboral de Serveis Ferroviaris de Mallorca ",6
Corrección de errores de la Resolución del día 30 de noviembre de 2022 de la Universidad de las Illes Balears por la cual se convoca el proceso de estabilización por el sistema de concurso oposición para el acceso a diferentes cuerpos y escalas como funcionario de carrera de administración y servicios de la Universidad de las Illes Balears ,6
"Modificación del anexo 6 de las bases que regirán las convocatorias correspondientes al proceso de estabilización de la ocupación temporal de 2022 del Ayuntamiento de Calvià respecto a las titulaciones admitidas como requisito para acceder a la convocatoria de las plazas de: Técnico/a de administración general, pertenecientes, al grupo A, al subgrupo A1, de la escala general y subescala técnica ",7
"Resolución de corrección de errores observados en la resolución del consejero ejecutivo de Hacienda y Función Pública por la que se aprueba la convocatoria del proceso selectivo de estabilización por el sistema excepcional de concurso de méritos para cubrir las plazas de personal funcionario de las escalas , subescalas , clases y categorías (o especialidades) de administración general y especial de los subgrupos C1, C2 y grupo E/AP derivada de la oferta de empleo público extraordinario del Consejo de Mallorca y de la Agencia de Defensa del Territorio por en el año 2022 y acumuladas de 2017 y 2019 ",6
"Resolución del Director Gerente de Atención Primaria de Mallorca de 16 de enero de 2023 por la que se convoca la provisión, por el procedimiento de libre designación, del puesto de trabajo de Coordinador/a del Equipo de Soporte de Atención Domiciliaria (E.S.A.D.) de la plantilla orgánica autorizada de Atención Primaria de Mallorca ",2
"Resolución del consejero ejecutivo de Hacienda y Función Pública de corrección de error material detectada en el anexo III de la Resolución del consejero ejecutivo de Hacienda y Función Pública de 19 de enero de 2023, publicada en el BOIB nº. 9, por la que se aprueba la lista definitiva de personas aspirantes que conforman la bolsa por el procedimiento extraordinario de selección de naturaleza simplificada para cubrir vacantes de la categoría de arquitecto superior ",6
"Resolución de la Presidenta del Instituto Balear de la Juventud (IBJOVE), de corrección de errores de la Resolución de la Presidenta del IBJOVE, de 22 de diciembre de 2022, por la que se aprueba la convocatoria del proceso excepcional de estabilización mediante los procedimientos selectivos de concurso y de concurso-oposición para cubrir las plazas de personal laboral del IBJOVE ",6
Resolución de corrección de errores observados en la Resolución del consejero ejecutivo de Hacienda y Función Pública por la que se aprueba la convocatoria del proceso selectivo de estabilización por el sistema de concurso oposición para cubrir las plazas de personal laboral fijo de las categorías (o especialidades) de los subgrupos C1 y C2 derivada de la oferta de empleo público extraordinario del Consejo Insular de Mallorca y de la Agencia de Defensa del Territorio para el año 2022 y acumuladas de 2017 y de 2019 ,6
Aprobación de la convocatoria y las bases específicas del proceso selección para constituir una bolsa de trabajo temporal de la categoría de maestro/a con mención en pedagogía terapéutica para cubrir sustituciones del personal titular de las plazas que conforman la plantilla laboral del PMEI o cualquier otro supuesto de nombramiento como personal laboral temporal ,2
"Resolución de Alcaldía número 0091 de 17 de enero de 2023, del Ayuntamiento de Santa Margalida por la cual se rectifica el error de hecho observado al BOIB número 5 en fecha 12 de enero de 2023, correspondiendo a la Resolución de Alcaldía n.º 16/2023, de fecha 5 de enero, por la cual se aprueban las bases y la convocatoria para cubrir nuevo (9) plazas de oficial primera, personal laboral fijo, del Ayuntamiento de Santa Margalida, por el sistema de concurso, la cual consta dentro de la Oferta de Ocupación Pública 2022 por la estabilización de personal temporal; y la constitución de una bolsa de trabajo ",6
"Acuerdo del Consejo Ejecutivo en sesión de carácter ordinario de 16 de enero de 2023, relativo a dejar sin efecto la convocatoria para la provisión del puesto de trabajador social al Servicio Insular de Familia del Departamento de Bienestar Social del Consell Insular de Menorca, aprobada el 19 de septiembre de 2022. (exp. 0610-2022-000004) ",0
"Resolución de modificación y corrección de errores de la Resolución del consejero ejecutivo de Hacienda y Función Pública de 30-11-22 por la cual se aprueba la convoc. del proc. selec. de estabiliz. para el sist. de concurso oposic.para cubrir las plazas de pers. lab. fijo de las categ. o especialidades de los subgrupos A1, A2, C1 y C2 y grupo AP derivada de la OPE de los Ayuntamientos de Alcúdia, Algaida, Andratx, Artà, Binissalem, Campanet, Capdepera, Consell, Esporles, Inca, Lloret de Vistalegre, Manacor, Pollença, Sa Pobla, Sencelles, S.Salines, S.Servera y Valldemossa; Mancom. des Pla y del Raiguer; Servicios Municipales de Porreres, SL, y Patronato Residencia Cas Métge Rei ",6
"Resolución de modificación y corrección de errores de la Resolución del consejero ejecutivo de Hacienda y Función Pública de 30 de noviembre de 2022 por la que se aprueba la convocatoria del proceso selectivo de estabilización por el sistema de concurso-oposición para cubrir las plazas de personal funcionario de las escalas, subescalas, clases y categorías (o especialidades) de administración general y especial de los subgrupos A1, A2, C1, C2 y del grupo AP derivada de la oferta pública de empleo de los Ayuntamientos de Alcúdia, Algaida , Andratx, Artà, Capdepera, Felanitx, Inca, Lloseta, Manacor, Pollença, Porreres, Puigpunyent, Sencelles, Ses Salines y Santa Maria del Camí ",6
"Aprobación de la convocatoria y las bases específicas del proceso de selección por el sistema de concurso-oposición para cubrir tres plazas de maestro/a de la plantilla laboral de este Patronato correspondiente a las ofertas de ocupación pública de los años 2021 y 2022 (BOIB núm.178, de 28 de diciembre de 2021 y BOIB núm. 67, de 24 de mayo) ",2
"Resolución de la consejera de Presidencia, Función Pública e igualdad de corrección de errores de la Resolución de fecha 22 de diciembre de 2022 por la cual se aprueba la convocatoria del proceso excepcional de estabilización por concurso extraordinario de méritos para cubrir las plazas de personal funcionario de la Agencia Tributaria de las Islas Baleares (BOIB n.º 168, de 27 de diciembre) ",6
